{"file_hashes":[{"block_hashes":["qhIgWxCHUM+foJeEYabYiB5OgNogqEbYJNpAadnJGEc="],"block_size":4096,"path":"_locales/af/messages.json"},{"block_hashes":["3fFoWaFfPrMzTWJBl1yjmIrD6vw9lkUqw6Sv02RMhVA="],"block_size":4096,"path":"_locales/be/messages.json"},{"block_hashes":["pIJmMpKpE7AqnN5GNcfJInC/PIcm/SdEddwsSQAZp8k="],"block_size":4096,"path":"_locales/cy/messages.json"},{"block_hashes":["pBZw1SQjumnHpl5+FT57mZTo3QNwxYS9oHFL1hxJxXg="],"block_size":4096,"path":"_locales/eu/messages.json"},{"block_hashes":["mJBxDfD78dtBvOQf4vYkJKO9OddV0p6Cl0TtPaDCzh0="],"block_size":4096,"path":"_locales/gl/messages.json"},{"block_hashes":["Cxbj+L2QSnZyhDRa6GoKmSfEev6J4F6isTrYAAm9+eQ="],"block_size":4096,"path":"_locales/hy/messages.json"},{"block_hashes":["4WMl0aZB73Qh8rr81kM9U1Q8idSY3ZZBmwPLpgucfWA="],"block_size":4096,"path":"_locales/is/messages.json"},{"block_hashes":["u7gcMvSCujIWybEYnHDO85yowhga81OP+ge0xq1S8Go="],"block_size":4096,"path":"_locales/iw/messages.json"},{"block_hashes":["MImLv1G91Y2zl/94DwYeM0MaOO9c/CiLUXfs92s5nyY="],"block_size":4096,"path":"_locales/ka/messages.json"},{"block_hashes":["VI3GyW4xoWzjVdxVxkgzsI7z+6i/MxSQMbSmhZWeOvQ="],"block_size":4096,"path":"_locales/kk/messages.json"},{"block_hashes":["phGPCg3jKeB8AfU81vtP7UPlTF9T20zRx/WytNn7EOY="],"block_size":4096,"path":"_locales/km/messages.json"},{"block_hashes":["iQgvsFIpgmvCIvXSLBWCNfAl8ObfZ/8TWhi9iZ4Tu48="],"block_size":4096,"path":"_locales/lo/messages.json"},{"block_hashes":["YT2HUfbMnT+jGfS36osr077Tf9B3SCyoJZKd18Eqaag="],"block_size":4096,"path":"_locales/mn/messages.json"},{"block_hashes":["JDvvvWtnohQz3Ml9wacoiW06Bw3CAFXrBNZE4buVX+c="],"block_size":4096,"path":"_locales/my/messages.json"},{"block_hashes":["s+HGRYr0i5xQgEp2p+belX6TNgh3nF8eihdmYjvR8d8="],"block_size":4096,"path":"_locales/ne/messages.json"},{"block_hashes":["lMKAtddlshszs3A+5EhRfTuaSnmdsf/uMNSSbcQAO9o="],"block_size":4096,"path":"_locales/pa/messages.json"},{"block_hashes":["VCQevmUag0QjXMR6/SdMCAq668jDolr7ldg3O2pWcKI="],"block_size":4096,"path":"_locales/si/messages.json"},{"block_hashes":["UEVJBXpqGCpATDYRLSRQhkpstFdM0Oj0NcpVb6xSqwo="],"block_size":4096,"path":"_locales/ur/messages.json"},{"block_hashes":["MPRM+tBS1z2G0S+iDPwRFWOjsuRSO0P31m2TS6jazpE="],"block_size":4096,"path":"_locales/zh_HK/messages.json"},{"block_hashes":["7Hjd1MzzK1127HAaIBZ8P70UbXmlBeT7BCH8Hlz0qmM="],"block_size":4096,"path":"_locales/zu/messages.json"},{"block_hashes":["bGnOD+b6sU8ZkKMg1wT+42LBdcAOtskiSqb0EQiRjKY="],"block_size":4096,"path":"dasherSettingSchema.json"},{"block_hashes":["ZTyDY1TSRAnbP6xe9I7K3tJPQUlKeCgAaRZRir9B9tk=","XPbWUaKBSpy6l/ex3jtbsL8WcqsVn6ns9ARRFCi/3k0=","rYP2J9LTfoDhmJVNwJ5vnUE3XRg9Ayy1C1j303Clklo=","C1g80Df3cCO4GDy1/ezSqsE8CV7GEsQ7fyDZeHvALZw=","VUzrdYVyq5haeUBjTS5Xyp2J0Dei4pta5Kp3jO+m9c8=","PgteinzvW3uCnItfFwoZUhuaJPTx8vBcLW0Fu4qhe+A=","PC4qIotrxL6DkXn13M3LdCqlLJovDYoU+a32nrT0/Vk=","QXSn7ZOi0m6UjAPNUu55MN/31Jh5vcplnZtreHQrIJs=","vxhqSvDsqYILAO+9tXgq92+1TqsGo5nzK+ZlZVvFcb4=","pewG58YpXR2JIZ+R6BERjgwcm5YEXj6CHzc8lsfkfL0=","vQDsIuqkElPNGx+yUO+luAAfqgN3RLgNWbCNYegYv4I=","QCuy1L6doDbwA3h8RoOnhelhnnVXQXdqGP91tFkDu+I=","XMJr4uPdYYYEAa/xfekVjlBAxrpdDDiEMp52V70IWss=","k373W4xkrLYWuPhr91I+BlbaO2o5J3pqcsh3AtNpucQ=","9k4y0WGEhNiiuno23fG7Pt7+WhyBuRdjSi5Ipodwit0=","0H8+poVT9DyxADqsHLM+48BsyR1mDpOu3IYy590eCnE="],"block_size":4096,"path":"eventpage_bin_prod.js"},{"block_hashes":["Chu2eotDZpBoMtECmMQtHVdOGCNlPAHmODbUhqNSngk="],"block_size":4096,"path":"page_embed_script.js"}],"version":2}